"Structure ID","Total energy [au]"
57,-32.97567913015
12,-32.97300018703
47,-32.97293475152
75,-32.97174330623
3,-32.97125675779
16,-32.97123331563
64,-32.97123163189
1,-32.97121474016
96,-32.97114675456
98,-32.97081159707
